Workbook

Sheet Konfiguracja
A1: ELEVENLABS - PARAMETRY
A3: Plan ElevenLabs | B3: Pro
A4: Koszt miesięczny (USD) | B4: 99
A5: Minuty w pakiecie | B5: 1100
A6: Kurs USD/PLN | B6: 4.08
A7: Hosting cost/min (USD) | B7: 0.09
A8: LLM tokens cost/min (USD) | B8: 0.03
A9: Additional min cost (USD, po limicie) | B9: 0.11
A10: Rabat roczny | B10: 0.2
A12: WYLICZONE
A13: Koszt EL miesięczny (PLN) | B13: =B4*B6
A14: Koszt/min hosting (PLN) | B14: =B7*B6
A15: Koszt/min LLM (PLN) | B15: =B8*B6
A16: Koszt/min zmienny (hosting+LLM) PLN | B16: =B14+B15
A17: Koszt/min fully loaded (PLN) | B17: =B13/B5+B16
A18: Koszt/min po limicie (PLN) | B18: =(B7+B8+B9)*B6
A21: KONFIGURACJA TIERÓW
A22: (niebieskie pola = edytowalne)
A23: Tier | B23: Minuty/30 dni | C23: Cena mies. PLN | D23: Cena roczna PLN | E23: Cena roczna/mies | F23: Typ
A24: Trial | B24: 30 | C24: 0 | D24: - | E24: - | F24: jednorazowy
A25: Starter | B25: 90 | C25: 89 | D25: =ROUND(C25*12*(1-B10),0) | E25: =ROUND(D25/12,0) | F25: recurring
A26: Pro | B26: 200 | C26: 179 | D26: =ROUND(C26*12*(1-B10),0) | E26: =ROUND(D26/12,0) | F26: recurring

Sheet Unit Economics
A1: UNIT ECONOMICS PER TIER
A3: Metryka | B3: Trial | C3: Starter mies. | D3: Starter roczny | E3: Pro mies. | F3: Pro roczny
A4: Cena (PLN) | B4: =Konfiguracja!C24 | C4: =Konfiguracja!C25 | D4: =Konfiguracja!E25 | E4: =Konfiguracja!C26 | F4: =Konfiguracja!E26
A5: Minuty | B5: =Konfiguracja!B24 | C5: =Konfiguracja!B25 | D5: =Konfiguracja!B25 | E5: =Konfiguracja!B26 | F5: =Konfiguracja!B26
A6: Koszt MAX (fully loaded) | B6: =B5*Konfiguracja!B17 | C6: =C5*Konfiguracja!B17 | D6: =D5*Konfiguracja!B17 | E6: =E5*Konfiguracja!B17 | F6: =F5*Konfiguracja!B17
A7: Koszt 60% | B7: =B5*0.6*Konfiguracja!B17 | C7: =C5*0.6*Konfiguracja!B17 | D7: =D5*0.6*Konfiguracja!B17 | E7: =E5*0.6*Konfiguracja!B17 | F7: =F5*0.6*Konfiguracja!B17
A8: Marża MAX (PLN) | B8: =B4-B6 | C8: =C4-C6 | D8: =D4-D6 | E8: =E4-E6 | F8: =F4-F6
A9: Marża MAX (%) | B9: =IF(B4=0,"-",B8/B4) | C9: =C8/C4 | D9: =D8/D4 | E9: =E8/E4 | F9: =F8/F4
A10: Marża 60% (PLN) | B10: =B4-B7 | C10: =C4-C7 | D10: =D4-D7 | E10: =E4-E7 | F10: =F4-F7
A11: Marża 60% (%) | B11: =IF(B4=0,"-",B10/B4) | C11: =C10/C4 | D11: =D10/D4 | E11: =E10/E4 | F11: =F10/F4
A12: Break-even usage % | B12: =IF(B4=0,"-",B4/(B5*Konfiguracja!B17)) | C12: =C4/(C5*Konfiguracja!B17) | D12: =D4/(D5*Konfiguracja!B17) | E12: =E4/(E5*Konfiguracja!B17) | F12: =F4/(F5*Konfiguracja!B17)
A16: PORÓWNANIE PLANÓW ELEVENLABS
A17: Plan EL | B17: Koszt/mies USD | C17: Minuty | D17: Koszt/mies PLN | E17: Koszt/min loaded PLN | F17: Starter marża MAX | G17: Pro marża MAX
A18: Pro | B18: 99 | C18: 1100 | D18: =B18*Konfiguracja!B6 | E18: =D18/C18+Konfiguracja!B14+Konfiguracja!B15 | F18: =Konfiguracja!C25-Konfiguracja!B25*E18 | G18: =Konfiguracja!C26-Konfiguracja!B26*E18
A19: Scale | B19: 299 | C19: 3600 | D19: =B19*Konfiguracja!B6 | E19: =D19/C19+Konfiguracja!B14+Konfiguracja!B15 | F19: =Konfiguracja!C25-Konfiguracja!B25*E19 | G19: =Konfiguracja!C26-Konfiguracja!B26*E19
A20: Business | B20: 990 | C20: 13750 | D20: =B20*Konfiguracja!B6 | E20: =D20/C20+Konfiguracja!B14+Konfiguracja!B15 | F20: =Konfiguracja!C25-Konfiguracja!B25*E20 | G20: =Konfiguracja!C26-Konfiguracja!B26*E20

Sheet Scenariusze
A1: SCENARIUSZE PRZYCHODÓW I KOSZTÓW
A2: (niebieskie pola = edytowalne liczby userów)
A4: Scenariusz | B4: Trial | C4: Starter mies. | D4: Starter roczny | E4: Pro mies. | F4: Pro roczny | G4: Minuty (60%) | H4: Minuty (MAX) | I4: Mieści w EL limit? | J4: Przychód mies. PLN | K4: Koszt EL (60%) PLN | L4: Koszt EL (MAX) PLN | M4: Marża (60%) | N4: Marża % (60%)
A5: Launch | B5: 5 | C5: 2 | D5: 0 | E5: 0 | F5: 0 | G5: =B5*Konfiguracja!B24*0.6 + (C5+D5)*Konfiguracja!B25*0.6 + (E5+F5)*Konfiguracja!B26*0.6 | H5: =B5*Konfiguracja!B24 + (C5+D5)*Konfiguracja!B25 + (E5+F5)*Konfiguracja!B26 | I5: =IF(G5<=Konfiguracja!B5,"TAK","NIE") | J5: =C5*Konfiguracja!C25 + D5*Konfiguracja!E25 + E5*Konfiguracja!C26 + F5*Konfiguracja!E26 | K5: =G5*Konfiguracja!B17 | L5: =H5*Konfiguracja!B17 | M5: =J5-K5 | N5: =IF(J5=0,"-",M5/J5)
A6: 3 miesiące | B6: 3 | C6: 5 | D6: 0 | E6: 2 | F6: 0 | G6: =B6*Konfiguracja!B24*0.6 + (C6+D6)*Konfiguracja!B25*0.6 + (E6+F6)*Konfiguracja!B26*0.6 | H6: =B6*Konfiguracja!B24 + (C6+D6)*Konfiguracja!B25 + (E6+F6)*Konfiguracja!B26 | I6: =IF(G6<=Konfiguracja!B5,"TAK","NIE") | J6: =C6*Konfiguracja!C25 + D6*Konfiguracja!E25 + E6*Konfiguracja!C26 + F6*Konfiguracja!E26 | K6: =G6*Konfiguracja!B17 | L6: =H6*Konfiguracja!B17 | M6: =J6-K6 | N6: =IF(J6=0,"-",M6/J6)
A7: 6 miesięcy | B7: 2 | C7: 3 | D7: 5 | E7: 2 | F7: 3 | G7: =B7*Konfiguracja!B24*0.6 + (C7+D7)*Konfiguracja!B25*0.6 + (E7+F7)*Konfiguracja!B26*0.6 | H7: =B7*Konfiguracja!B24 + (C7+D7)*Konfiguracja!B25 + (E7+F7)*Konfiguracja!B26 | I7: =IF(G7<=Konfiguracja!B5,"TAK","NIE") | J7: =C7*Konfiguracja!C25 + D7*Konfiguracja!E25 + E7*Konfiguracja!C26 + F7*Konfiguracja!E26 | K7: =G7*Konfiguracja!B17 | L7: =H7*Konfiguracja!B17 | M7: =J7-K7 | N7: =IF(J7=0,"-",M7/J7)
A8: Rok | B8: 1 | C8: 5 | D8: 10 | E8: 3 | F8: 7 | G8: =B8*Konfiguracja!B24*0.6 + (C8+D8)*Konfiguracja!B25*0.6 + (E8+F8)*Konfiguracja!B26*0.6 | H8: =B8*Konfiguracja!B24 + (C8+D8)*Konfiguracja!B25 + (E8+F8)*Konfiguracja!B26 | I8: =IF(G8<=Konfiguracja!B5,"TAK","NIE") | J8: =C8*Konfiguracja!C25 + D8*Konfiguracja!E25 + E8*Konfiguracja!C26 + F8*Konfiguracja!E26 | K8: =G8*Konfiguracja!B17 | L8: =H8*Konfiguracja!B17 | M8: =J8-K8 | N8: =IF(J8=0,"-",M8/J8)
A9: Scale needed | B9: 0 | C9: 10 | D9: 10 | E9: 8 | F9: 7 | G9: =B9*Konfiguracja!B24*0.6 + (C9+D9)*Konfiguracja!B25*0.6 + (E9+F9)*Konfiguracja!B26*0.6 | H9: =B9*Konfiguracja!B24 + (C9+D9)*Konfiguracja!B25 + (E9+F9)*Konfiguracja!B26 | I9: =IF(G9<=Konfiguracja!B5,"TAK","NIE") | J9: =C9*Konfiguracja!C25 + D9*Konfiguracja!E25 + E9*Konfiguracja!C26 + F9*Konfiguracja!E26 | K9: =G9*Konfiguracja!B17 | L9: =H9*Konfiguracja!B17 | M9: =J9-K9 | N9: =IF(J9=0,"-",M9/J9)
A10: Własny 1 | B10: 0 | C10: 0 | D10: 0 | E10: 0 | F10: 0 | G10: =B10*Konfiguracja!B24*0.6 + (C10+D10)*Konfiguracja!B25*0.6 + (E10+F10)*Konfiguracja!B26*0.6 | H10: =B10*Konfiguracja!B24 + (C10+D10)*Konfiguracja!B25 + (E10+F10)*Konfiguracja!B26 | I10: =IF(G10<=Konfiguracja!B5,"TAK","NIE") | J10: =C10*Konfiguracja!C25 + D10*Konfiguracja!E25 + E10*Konfiguracja!C26 + F10*Konfiguracja!E26 | K10: =G10*Konfiguracja!B17 | L10: =H10*Konfiguracja!B17 | M10: =J10-K10 | N10: =IF(J10=0,"-",M10/J10)
A11: Własny 2 | B11: 0 | C11: 0 | D11: 0 | E11: 0 | F11: 0 | G11: =B11*Konfiguracja!B24*0.6 + (C11+D11)*Konfiguracja!B25*0.6 + (E11+F11)*Konfiguracja!B26*0.6 | H11: =B11*Konfiguracja!B24 + (C11+D11)*Konfiguracja!B25 + (E11+F11)*Konfiguracja!B26 | I11: =IF(G11<=Konfiguracja!B5,"TAK","NIE") | J11: =C11*Konfiguracja!C25 + D11*Konfiguracja!E25 + E11*Konfiguracja!C26 + F11*Konfiguracja!E26 | K11: =G11*Konfiguracja!B17 | L11: =H11*Konfiguracja!B17 | M11: =J11-K11 | N11: =IF(J11=0,"-",M11/J11)
A12: Własny 3 | B12: 0 | C12: 0 | D12: 0 | E12: 0 | F12: 0 | G12: =B12*Konfiguracja!B24*0.6 + (C12+D12)*Konfiguracja!B25*0.6 + (E12+F12)*Konfiguracja!B26*0.6 | H12: =B12*Konfiguracja!B24 + (C12+D12)*Konfiguracja!B25 + (E12+F12)*Konfiguracja!B26 | I12: =IF(G12<=Konfiguracja!B5,"TAK","NIE") | J12: =C12*Konfiguracja!C25 + D12*Konfiguracja!E25 + E12*Konfiguracja!C26 + F12*Konfiguracja!E26 | K12: =G12*Konfiguracja!B17 | L12: =H12*Konfiguracja!B17 | M12: =J12-K12 | N12: =IF(J12=0,"-",M12/J12)
A14: UWAGA: Koszty powyżej = koszt minut. Dodaj koszt subskrypcji EL:
A15: Subskrypcja EL (PLN/mies) | B15: =Konfiguracja!B13

Sheet Capacity
A1: CAPACITY — ILU USERÓW MIEŚCISZ
A3: Metryka | B3: Pro ($99) | C3: Scale ($299) | D3: Business ($990)
A4: Koszt/mies USD | B4: 99 | C4: 299 | D4: 990
A5: Minuty w pakiecie | B5: 1100 | C5: 3600 | D5: 13750
A6: Trial users (rezerwa) | B6: 5 | C6: 5 | D6: 5
A7: Min zarezerwowane trial (60%) | B7: =B6*Konfiguracja!B24*0.6 | C7: =C6*Konfiguracja!B24*0.6 | D7: =D6*Konfiguracja!B24*0.6
A8: Minuty dla płatnych | B8: =B5-B7 | C8: =C5-C7 | D8: =D5-D7
A10: Max Starter users (60%) | B10: =FLOOR(B8/(Konfiguracja!B25*0.6),1) | C10: =FLOOR(C8/(Konfiguracja!B25*0.6),1) | D10: =FLOOR(D8/(Konfiguracja!B25*0.6),1)
A11: Max Starter users (MAX) | B11: =FLOOR(B8/Konfiguracja!B25,1) | C11: =FLOOR(C8/Konfiguracja!B25,1) | D11: =FLOOR(D8/Konfiguracja!B25,1)
A12: Max Pro users (60%) | B12: =FLOOR(B8/(Konfiguracja!B26*0.6),1) | C12: =FLOOR(C8/(Konfiguracja!B26*0.6),1) | D12: =FLOOR(D8/(Konfiguracja!B26*0.6),1)
A13: Max Pro users (MAX) | B13: =FLOOR(B8/Konfiguracja!B26,1) | C13: =FLOOR(C8/Konfiguracja!B26,1) | D13: =FLOOR(D8/Konfiguracja!B26,1)
